toi,tic,disp,period_d,depth_ppm,dur_h,n_pred,recovered,category,snr
1131.01,198213332,PC,0.586037,410.524,0.809893,42,False,,
1167.01,232967666,FP,15.196,1970,1.792,2,True,single,8.87954
1173.01,232967440,CP,7.0644,8268,2.424,4,True,repeating,35.1271
1174.01,154089169,CP,8.95348,1136,2.696,3,False,,
1176.01,230088370,PC,14.0078,5924.83,5.87275,2,True,repeating,21.084
1178.01,359496368,FP,2.6652,819,3.49,9,False,,
1179.01,148914726,APC,1.26153,2841,1.039,19,False,,
1180.01,158002130,CP,9.68675,1669,2.512,2,True,repeating,11.0299
1181.01,229510866,CP,2.10316,7142,5.059,12,True,repeating,25.3743
1183.01,258777137,FP,5.92941,10226,2.933,4,True,repeating,21.2015
1184.01,233087860,CP,5.74844,1041,1.76,5,False,,
1186.01,289539327,FP,11.2465,7576,7.391,3,True,repeating,54.0143
1187.01,372757221,PC,2.5942,907,0.861,10,False,,
1190.01,287196418,APC,3.69498,7178.69,4.42931,6,True,repeating,17.5635
1194.01,147950620,CP,2.31064,6911,1.294,12,True,repeating,24.6395
1199.01,99869022,CP,3.67147,4340,2.149,6,True,repeating,20.8145
1136.01,142276270,CP,12.5187,2320,5.38,2,False,,
1136.02,142276270,CP,6.25861,813,3.201,4,False,,
1136.03,142276270,CP,26.3209,800,4.414,1,False,,
1136.04,142276270,CP,18.7955,470.673,4.34256,1,False,,
1141.01,159510109,FP,16.9487,156468,4.28878,1,True,single,142.951
1143.01,160268701,FP,11.2072,3276,4.366,2,True,repeating,31.1725
1147.01,288391628,FP,10.9278,2743,2.468,2,True,repeating,23.3982
1148.01,349827430,KP,5.55149,9493,4.335,4,True,repeating,42.4443
1154.01,459970307,CP,21.7455,659,4.196,1,False,,
1157.01,147576037,FP,13.0727,4080,3.044,1,False,,
1165.01,458478250,KP,2.25528,20820,2.05,11,True,repeating,90.5524
1200.01,288185138,FP,0.835241,2065,1.043,29,False,,
1235.01,103633434,CP,3.4447,796,1.912,8,False,,
1259.01,288735205,CP,3.47798,27021.7,2.51035,6,True,repeating,52.8051
1260.01,355867695,CP,3.12746,1331.84,1.98127,8,False,,
1260.02,355867695,CP,7.49316,1650.65,1.93393,4,True,single,9.93689
1260.03,355867695,CP,49.8252,2059.41,3.8715,1,False,,
1261.01,356311210,PC,18.0574,1198.06,3.59218,1,False,,
1262.01,365938305,CP,20.8774,771,3.562,1,False,,
1266.01,467179528,CP,10.8948,3168.39,2.07194,2,True,repeating,11.3847
1266.02,467179528,CP,18.8016,1686.79,1.90935,2,False,,
1268.01,142394656,CP,8.15772,10273,3.788,3,True,repeating,12.8538
1269.01,198241702,CP,4.25296,758.585,2.57339,6,False,,
1269.02,198241702,PC,9.23787,660,2.535,2,False,,
1270.01,237200747,FP,14.3035,48840,3.135,2,False,,
1274.01,459969957,PC,19.3203,13910,4.215,1,True,single,39.2474
1277.02,153949511,PC,14.856,1127,3.711,2,False,,
1279.01,224297258,CP,9.61416,933.653,3.42719,3,False,,
1280.01,230017324,PC,9.69264,1838.24,3.01823,2,False,,
1238.01,153951307,CP,3.29477,1324.04,1.74831,7,False,,
1238.02,153951307,CP,0.764581,394.983,1.07057,33,False,,
1242.01,198212955,PC,0.381485,570,0.565,65,False,,
1244.01,219850915,CP,6.40028,1026.6,2.15599,4,False,,
1245.01,229781583,CP,4.82045,1930,1.756,6,False,,
1246.01,230127302,CP,18.6549,1495.44,5.44315,2,True,repeating,7.18217
1246.02,230127302,CP,4.30745,1094.84,2.33792,5,False,,
1246.03,230127302,CP,5.90413,773.927,2.76783,4,False,,
1246.04,230127302,CP,37.9252,1370.79,3.53452,1,True,repeating,9.03248
1247.01,232540264,CP,15.9235,493,4.021,2,True,single,7.91446
1248.01,232612416,CP,4.36015,5592.29,2.34089,6,True,repeating,21.368
1249.01,232976128,CP,13.0792,1143,2.97,2,False,,
1250.01,233059608,FA,1.4415,547.317,0.927452,17,False,,
1251.01,233120979,APC,5.96305,11000,2.951,4,True,repeating,41.6719
1252.01,233211762,PC,1.12197,3997.64,0.822612,22,False,,
1253.01,233684822,FP,4.67567,738,1.914,6,False,,
1254.01,236714379,APC,1.01801,2618.95,1.13536,23,False,,
1255.01,237222864,CP,10.2889,854,1.391,3,False,,
1258.01,288132261,PC,10.2613,726,4.855,3,True,repeating,11.3003
1339.01,269701147,CP,8.88033,1238,2.71,2,True,repeating,18.2309
1339.02,269701147,CP,28.5805,1081.4,4.514,1,False,,
1339.03,269701147,CP,38.3511,1029.09,5.91202,1,True,repeating,22.522
1340.01,233681149,FP,8.58655,1754.77,4.67393,3,True,repeating,10.2077
1291.01,198186769,PC,7.16199,800,7.668,4,True,single,7.9662
1292.01,199688472,FP,1.44122,12927,1.666,17,True,repeating,23.0733
1293.01,202504234,PC,1.68499,990,0.916,14,False,,
1294.01,219015370,CP,3.91527,3350,2.562,6,True,repeating,12.6053
1295.01,219852584,CP,3.19688,7958.98,3.75337,8,True,repeating,29.3024
1298.01,237104103,CP,4.53714,4199.76,4.04216,4,True,repeating,22.3666
1301.01,356867115,CP,6.09641,1142.49,2.3633,4,False,,
1302.01,441797803,PC,5.66662,9780,3.604,5,True,repeating,22.992
1400.01,258801269,FP,5.48923,910,3.29,4,False,,
1402.01,259129875,FP,0.43889,650,0.947,56,False,,
1346.01,219852882,CP,5.50256,844.702,3.1711,5,False,,
1346.02,219852882,CP,1.76225,733.555,0.877971,15,False,,
1347.01,229747848,CP,0.847422,424.393,0.875876,29,False,,
1347.02,229747848,CP,4.84204,318.664,2.41056,6,False,,
1348.01,229770036,FP,2.14035,435.365,2.74141,12,False,,
1349.01,272635712,APC,12.7167,388.126,2.529,2,False,,
1363.01,230017325,FP,9.69265,1393,2.819,2,False,,
1418.01,224600500,FA,0.676323,30.1618,4.91646,36,False,,
1434.01,138588540,PC,29.8719,712.567,4.69605,1,True,single,7.14244
1437.01,198356533,CP,18.8409,331,5.765,1,False,,
1438.01,229650439,CP,5.13967,769.6,0.899198,4,False,,
1438.02,229650439,CP,9.42809,799,1.377,3,False,,
1439.01,232982558,CP,27.6439,560,5.321,1,False,,
1442.01,235683377,CP,0.409068,1281.23,0.616573,61,False,,
1445.01,259172391,PC,9.81307,630,3.91,2,False,,
1445.02,259172391,PC,4.78421,390,2.947,4,False,,
1447.01,298073824,FA,1.22731,66.4148,4.81148,20,False,,
1486.01,233541860,FP,0.266649,230,1.075,93,False,,
1488.01,198457103,FA,0.472105,45.2185,1.69955,53,False,,
1450.01,377293776,CP,2.04393,465.193,1.00894,13,False,,
1451.01,417931607,CP,16.538,608,2.796,2,True,repeating,7.74264
1452.01,420112589,CP,11.062,3249.12,1.75878,2,False,,
1453.01,198390247,CP,6.58869,852,1.678,4,False,,
1453.02,198390247,CP,4.31353,274,1.874,5,False,,
1464.01,229944666,PC,11.3125,861.727,2.5943,3,False,,
1465.01,236887394,KP,1.42002,23730,1.431,17,True,repeating,32.3836
1555.01,441732151,FP,2.09989,27336.4,0.908,12,True,repeating,14.0019
1609.01,229951289,FA,13.3118,750,4.492,2,False,,
1610.01,219776325,PC,2.5288,387,1.286,9,False,,
1633.01,165551882,FA,12.1583,3430.78,2.14068,2,False,,
1642.01,229940491,APC,37.4591,6301.14,2.9417,1,True,single,19.2225
1643.01,298647682,PC,20.0795,1065.54,1.21866,2,False,,
1647.01,154927364,FP,6.97442,9189,2.124,2,True,repeating,17.6239
1652.01,154867950,FP,0.666488,233.104,1.38,37,False,,
1664.01,353782445,PC,11.8351,336,2.094,2,False,,
1670.01,441739020,CP,40.7501,6026,4.873,1,True,single,34.3839
1670.02,441739020,CP,10.9837,315,2.636,2,False,,
1719.01,293617835,PC,2.75526,338,1.17,10,False,,
1737.01,233009109,PC,14.448,218,6.353,2,False,,
1739.01,159418353,CP,8.30335,571,1.705,2,False,,
1689.01,198384408,FA,9.12381,283.324,5.11884,3,False,,
1692.01,288636342,PC,17.7287,1086.46,6.44279,2,True,secondary,10.4252
1692.02,288636342,PC,32.208,2409.29,7.51996,1,True,single,21.9018
1706.01,230377505,PC,4.51561,449,2.628,4,False,,
1706.02,230377505,PC,7.40578,325,2.778,4,False,,
1760.01,420112587,FP,11.0619,3996.62,1.71335,2,False,,
1761.01,424391516,PC,11.5923,373.163,3.48689,2,False,,
1763.01,441739871,PC,3.79787,1501.08,1.0637,7,False,,
1764.01,1551345500,PC,47.3861,19550,1.81,1,True,single,21.913
1765.01,272672133,PC,3.49396,3650,1.961,8,True,repeating,9.41577
1766.01,67666096,KP,2.70339,10340,2.927,10,True,repeating,44.7886
1767.01,8767448,KP,4.35323,10270,3.869,5,True,repeating,48.6095
1768.01,137906197,CP,7.33772,795,4.243,4,True,single,7.99317
1769.01,287225295,APC,0.609755,670,0.416,41,False,,
1770.01,457138169,FP,1.09245,874.58,1.22458,22,False,,
1771.01,252479260,KP,3.21223,14429,2.653,8,True,repeating,64.3218
1772.01,85293053,CP,8.05422,706.817,3.02872,4,False,,
1773.01,332064670,KP,0.736546,384.673,1.57322,34,True,repeating,8.00319
1774.01,4897275,CP,16.71,615.287,5.40047,2,False,,
1775.01,9348006,CP,10.2405,9950,3.538,2,True,repeating,23.8854
1776.01,21535395,CP,2.80099,204.855,1.49854,10,False,,
1777.01,29191624,CP,14.6504,330,2.08,2,False,,
1778.01,39699648,CP,6.52739,415.431,3.11907,4,False,,
1779.01,67646988,KP,1.88172,99270,1.236,13,True,repeating,61.6189
1780.01,99834717,KP,1.70633,10980,1.359,16,True,repeating,16.2158
1781.01,137881699,KP,2.97208,6440,4.41,8,True,repeating,16.3104
1782.01,160045097,CP,4.98771,1192.34,2.27691,5,False,,
1741.01,198206613,PC,10.9407,440,2.175,2,False,,
1742.01,219857012,CP,21.269,350,5.893,2,True,single,8.47517
1743.01,219860288,CP,4.26606,1700,0.69,6,False,,
1744.01,229455001,CP,22.3417,472,2.582,1,False,,
1747.01,233071822,PC,2.75465,394,0.561,10,False,,
1748.01,233071926,PC,1.83186,403.122,1.42112,14,False,,
1749.01,233602827,CP,4.48914,1271.19,1.88334,6,False,,
1749.02,233602827,CP,9.0447,1611,1.76531,3,False,,
1749.03,233602827,KP,2.38891,569.851,1.03241,10,False,,
1750.01,237099296,PC,11.3374,1194.05,2.86113,2,False,,
1751.01,287080092,CP,37.4685,429,7.685,1,True,single,8.92939
1752.01,287139872,CP,0.935189,1150.29,0.769465,27,False,,
1753.01,289580577,CP,5.38462,630.69,3.26173,5,False,,
1757.01,367753709,PC,2.12569,570.686,1.46497,11,False,,
1757.02,367753709,PC,5.00971,560.416,0.945711,6,False,,
1816.01,237108272,FA,22.7873,410,5.334,1,False,,
1819.01,341815767,FA,3.09374,150,2.451,9,False,,
1824.01,142387023,CP,22.8086,977,3.847,1,False,,
1825.01,229750058,PC,10.1824,10610,2.788,3,True,repeating,23.7889
1826.01,229400092,CP,4.14198,10130.9,2.38097,7,True,repeating,32.006
1828.01,232982938,CP,9.09412,2570,4.389,3,True,repeating,15.2644
1782.02,160045097,CP,1.82903,704.849,1.66791,13,False,,
1782.03,160045097,PC,18.756,1506.82,2.55507,2,False,,
1783.01,229938290,PC,1.41987,465.211,1.30585,17,False,,
1784.01,241196395,APC,2.09376,1250,0.433,12,False,,
1785.01,230386259,PC,11.0023,298,5.305,2,False,,
1786.01,86280613,FP,9.57355,2788,2.036,2,True,repeating,12.0899
1787.01,372730331,PC,8.70467,9660,2.58,3,True,repeating,23.152
1788.01,450327768,FP,5.34326,6980,1.426,5,True,repeating,24.8467
1789.01,172518755,CP,3.20871,1960,1.639,8,True,repeating,15.4563
1790.01,310981412,FA,9.62517,540,3.725,3,False,,
1791.01,233684293,FA,48.4808,110,8.081,1,False,,
1792.01,29191596,PC,8.81649,170,3.895,3,False,,
2148.01,233569098,FP,23.4852,6020,3.546,1,True,single,12.6458
2153.01,406855039,FP,2.71808,329.173,6.18429,10,False,,
2166.01,233680651,PC,5.13546,353,3.716,6,False,,
2167.01,160162987,FP,23.0532,2940,1.228,1,False,,
2181.01,233068569,PC,8.37906,2930,2.899,4,True,repeating,8.19837
2250.01,264303333,FP,0.81531,189,1.373,30,False,,
2252.01,233066156,PC,12.3796,711.269,3.33145,2,False,,
2253.01,367855829,FA,85.4245,1134.22,3.66585,1,False,,
2254.01,233688779,PC,26.458,397,3.372,1,False,,
2258.01,219821826,FP,9.67998,15870,1.806,3,True,repeating,15.6019
2262.01,165530380,PC,1.49373,172.2,2.11975,16,False,,
2269.01,441798995,FA,1.4206,448.01,1.64832,17,False,,
2269.02,441798995,PC,2.84114,530,1.174,9,False,,
2269.03,441798995,PC,10.4029,824.185,1.37217,2,False,,
2271.01,258389327,APC,26.5457,9362.3,2.6298,1,True,single,15.2962
2067.01,147951030,PC,8.81281,787,2.325,3,False,,
2068.01,417931300,CP,7.76909,1416.79,2.62514,3,False,,
2069.01,198187049,PC,5.92142,140.429,2.46062,4,False,,
2070.01,233182695,PC,6.38392,358.746,1.58089,4,False,,
2071.01,198360694,PC,5.67393,641.278,2.80742,4,False,,
2275.01,272679240,PC,20.1547,1039.5,1.32448,1,False,,
2276.01,198456933,PC,76.8664,341.558,6.7753,1,False,,
2282.01,237211410,PC,12.5521,202.087,6.82682,2,False,,
2283.01,198211976,FA,0.401859,111.365,1.57798,62,False,,
1845.01,272758199,PC,3.661,18701.4,2.60474,8,True,repeating,21.0135
2077.01,230075227,PC,6.11558,322,1.941,4,False,,
2078.01,159244568,FA,6.27725,910.522,1.5325,4,False,,
2079.01,224298134,PC,1.49232,669.718,1.15583,17,False,,
2079.02,224298134,PC,9.31741,1790.55,1.70118,2,False,,
2080.01,367739494,PC,63.5809,1446.5,3.65614,1,False,,
2081.01,321669174,CP,10.5054,1320.6,2.48504,3,False,,
2081.02,321669174,PC,5.10966,533.232,1.37268,5,False,,
2083.01,233633993,PC,17.9696,1231.04,4.23882,2,False,,
2288.01,462615350,PC,8.91722,2147.08,2.64268,3,False,,
2291.01,236934937,PC,9.40588,1425.93,1.55603,3,False,,
2292.01,236934268,PC,7.07673,630,2.444,2,False,,
2297.01,233500935,PC,22.0488,540.693,3.80872,2,False,,
2300.01,280031353,PC,4.85667,1163.84,2.58588,6,False,,
2300.02,280031353,PC,15.4433,4652.02,3.84931,2,True,repeating,10.9003
1860.01,202426247,CP,1.06621,151,1.142,23,False,,
2086.01,230387153,PC,41.754,820,4.491,1,False,,
2086.02,230387153,PC,20.2617,612.949,2.96852,2,False,,
2088.01,441765914,CP,124.73,1781.92,7.29677,1,True,single,10.3575
2089.01,341815197,PC,49.995,1080,5.109,1,False,,
2094.01,356016119,PC,18.7932,1844.7,1.09889,1,False,,
2095.01,235678745,CP,17.6649,736.393,2.7645,1,False,,
2095.02,235678745,CP,28.1723,950.565,3.39834,1,False,,
1862.01,321668398,CP,5.64421,4136.2,2.981,4,True,repeating,13.0872
1863.01,356919658,FP,1.42608,1921.54,1.90533,17,False,,
1864.01,229791084,KP,1.64533,19310,2.59,15,True,repeating,27.59
1868.01,230087585,PC,8.82636,5877.75,3.43186,3,True,repeating,12.0777
1873.01,328933398,PC,24.9342,1390,4.964,1,True,single,14.5635
1873.03,328933398,PC,7.00568,766.894,3.31821,4,False,,
1874.01,232641326,APC,17.8684,11028.2,5.66332,1,True,single,15.159
2097.01,279982557,FP,1.78912,384.109,1.77886,14,False,,
2099.01,230386397,FP,19.5079,1770,4.603,1,False,,
2100.01,219436394,PC,23.6574,1180.94,2.30878,2,False,,
2101.01,165527918,PC,9.07533,586.917,3.61568,3,False,,
2102.01,289590465,PC,6.70602,542.937,1.67824,4,False,,
1884.01,219879302,PC,6.78228,10143.2,2.64605,4,True,repeating,19.4556
1885.01,258510872,CP,6.54407,6060,3.777,4,True,repeating,19.0709
1887.01,229586455,PC,2.20016,1295.6,1.75645,12,False,,
2105.01,156199502,PC,15.9153,652.557,1.13931,2,False,,
2562.01,420177051,PC,4.04837,12060,2.896,6,True,repeating,17.1901
2567.01,258920431,CP,5.98395,3826.44,5.38865,4,True,repeating,12.6429
2574.01,159332859,PC,4.48177,21180,2.186,6,True,repeating,23.7252
1890.01,288636599,PC,19.9677,6084.34,6.28049,1,True,single,24.4571
1898.01,91987762,CP,45.5221,3028.55,4.38394,1,True,single,34.8682
2579.01,103751498,KP,3.71465,12620,3.835,7,True,repeating,38.0522
4162.01,420114036,PC,4.37443,8580,5.275,5,True,repeating,22.9718
4163.01,420112217,PC,21.5615,3600,5.73,2,True,repeating,13.5263
4168.01,372758077,PC,29.3821,6575.44,2.93713,1,True,single,16.2618
4172.01,359388309,PC,4.19151,900,3.187,6,False,,
4173.01,358613376,PC,8.27133,20740,3.809,2,True,repeating,29.8361
4174.01,356822426,PC,1.55695,950,1.066,16,False,,
4429.01,233188747,PC,3.45057,15044.6,3.03977,6,True,repeating,22.0441
3967.01,256867493,PC,4.67094,870,0.101,5,False,,
4458.01,229671380,PC,3.93937,4051.51,5.81321,6,True,repeating,18.9601
4040.01,356786657,PC,7.13573,1047.42,2.50949,4,False,,
3826.01,9346507,APC,4.98071,26850,3.333,4,True,repeating,32.1403
3832.01,356736743,PC,24.082,7830,4.032,1,True,single,13.1194
4087.01,310002617,CP,3.17748,14190,2.824,8,True,repeating,21.0067
4093.01,284454822,PC,10.4722,1769,3.282,2,False,,
4093.02,284454822,PC,17.7046,1283.71,4.25554,2,False,,
4094.01,280035202,PC,4.91118,606.397,2.64592,6,False,,
4096.01,272782321,PC,10.1045,1490,3.23,3,False,,
3835.01,330795142,PC,1.34606,15780,1.829,18,True,repeating,13.3856
3837.01,308073360,CP,11.8886,7800,4.803,2,True,repeating,25.4622
3839.01,298074043,PC,3.01935,2360,1.345,8,False,,
3842.01,165985431,PC,3.65662,21730,2.557,6,True,repeating,26.3105
3844.01,165885558,APC,0.896271,12490,0.996,27,True,repeating,9.49408
3845.01,156816238,FP,2.14617,14110,1.942,12,True,repeating,8.08695
3846.01,149918151,KP,1.54078,27310,1.705,16,True,repeating,24.2453
3847.01,149917086,PC,11.0784,9060,2.673,3,True,repeating,16.8699
4099.01,264173803,PC,4.39541,850,2.306,6,False,,
4102.01,237235093,FP,2.68341,760,1.146,9,False,,
4106.01,233535738,APC,16.3559,1220,4.674,2,False,,
4109.01,230084146,PC,12.3203,5790,2.327,2,True,repeating,9.69004
4110.01,230075120,FP,0.767671,340,1.057,32,False,,
4113.01,229786610,PC,22.1575,837,3.374,1,False,,
4575.01,372759746,PC,27.9816,722,4.901,1,False,,
4578.01,154474036,PC,8.62391,675.121,2.6193,2,False,,
4580.01,219742885,PC,0.916799,39.0384,1.35782,27,False,,
3850.01,143008050,PC,14.4833,10870,4.696,2,True,repeating,13.9579
3851.01,142739544,CP,3.38347,1400,2.746,8,True,single,7.28238
3853.01,142618165,PC,5.69223,1550,2.975,4,False,,
3856.01,125552076,PC,2.0436,12980,1.513,12,True,repeating,24.5067
3858.01,86273567,PC,16.5968,1750,4.395,2,False,,
4117.01,198189972,PC,25.093,5820.94,5.53443,1,True,single,16.4688
4120.01,159438097,PC,4.89528,4730,5.325,6,True,repeating,12.8285
4586.01,416534875,PC,5.39099,570,1.954,5,False,,
3868.01,310994622,PC,18.5658,9420,3.82,1,True,single,18.3545
3870.01,165989915,PC,2.62926,3790,1.582,9,False,,
3873.01,154126149,PC,3.89515,8970,1.386,7,False,,
3883.01,99330090,FP,7.00808,14900,3.179,4,True,repeating,38.2258
4132.01,335655755,PC,11.7648,4428.96,4.43382,2,True,repeating,16.4327
4135.01,288471040,FP,2.51398,560,2.36,10,False,,
4138.01,257060897,CP,3.66003,7749.72,4.7853,6,True,repeating,31.6185
3896.01,445837596,PC,4.37731,1430,2.329,6,False,,
4156.01,462553953,PC,4.46188,500,2.937,4,False,,
4156.02,462553953,PC,12.8226,750.906,3.17034,2,False,,
5395.01,298070500,PC,6.58118,267,2.982,4,False,,
5635.01,233173039,PC,25.0577,3500,4.741,1,True,single,8.61895
5639.01,166054851,PC,3.39572,1370,3.226,7,False,,
5650.01,353807936,PC,34.2826,2540,6.989,1,True,single,14.1837
5200.01,21101556,PC,17.4373,2060,2.967,2,True,single,9.10834
5202.01,320324079,PC,34.6142,1470,2.66,1,False,,
5206.01,159117779,PC,4.47163,5000,6.451,6,True,repeating,10.8673
5225.01,383645563,PC,22.9367,3520,1.706,1,False,,
5227.01,313453776,PC,3.73252,4800,2.851,7,True,repeating,15.0136
5228.01,154014059,PC,8.3222,4460,2.771,3,True,single,7.86554
5710.01,173002823,PC,28.4065,886.162,4.00088,1,False,,
5711.01,441804533,PC,16.3037,1119.96,3.22193,1,False,,
5715.01,147923561,PC,6.2823,632.584,1.93915,3,False,,
5717.01,53481079,PC,13.4787,1323.23,4.09876,1,True,single,7.19319
5721.01,85292615,PC,729.482,819.483,6.93977,1,False,,
5722.01,458481611,PC,61.3191,6593.14,5.74553,1,True,single,14.8468
5229.01,288428649,PC,5.91846,1240,2.947,5,False,,
5233.01,259100469,PC,25.7633,2560,1.668,1,False,,
5234.01,335681838,PC,15.1016,520,4.403,1,False,,
5235.01,154814765,PC,26.1442,1980,2.368,1,True,single,8.78654
5238.01,219016883,CP,4.87219,2180,2.584,6,True,repeating,8.84429
5502.01,126322519,PC,11.6261,840,2.937,2,False,,
5738.01,198162530,PC,0.768125,491.435,0.999206,32,False,,
5738.02,198162530,PC,28.5462,1744.47,1.76667,1,False,,
5740.01,230087765,PC,1.68944,318.776,1.33591,15,False,,
5744.01,157768969,PC,5.74888,190,5.003,4,False,,
5746.01,318209162,FP,711.764,20978.1,3.41764,1,True,single,61.0118
5747.01,4918918,CP,0.573477,818.39,0.900451,44,True,repeating,16.1504
5258.01,147895461,FP,0.591963,2450,1,43,False,,
5265.01,219847787,PC,11.5915,832,1.968,3,False,,
5725.01,1042432,PC,746.955,1671.12,2.77304,1,False,,
5727.01,357048995,PC,6.39287,451.956,3.71289,4,False,,
5728.01,219875976,PC,11.4975,843.106,2.3908,2,False,,
5729.01,103605399,PC,554.499,6058.59,2.90524,1,False,,
5732.01,335952150,PC,60.1703,1941,3.337,1,False,,
5737.01,229618478,PC,19.4481,1327.11,3.51076,2,False,,
5531.01,88114177,CP,4.53523,195.405,3.07335,6,False,,
5067.01,117275513,KP,4.68863,1469,2.651,4,False,,
5578.01,154563411,PC,13.466,2100,2.936,2,False,,
5584.01,29169215,PC,18.6301,1620,3.4,2,False,,
5603.01,224293782,PC,0.573618,670,0.793,43,False,,
5605.01,252469648,PC,5.91339,980,2.019,4,False,,
5611.01,232624234,PC,11.363,1048,3.031,2,False,,
5611.02,232624234,PC,26.716,1252.01,4.75918,1,False,,
5383.01,166053959,PC,2.8115,90,3.35,8,False,,
5387.01,166086403,PC,2.80375,70,2.771,8,False,,
5388.01,407591297,CP,2.59468,1070,0.313,10,False,,
5391.01,298600443,APC,13.6421,413,3.522,2,False,,
5392.01,198512478,PC,17.5313,306,4.334,2,False,,
5393.01,313425396,PC,30.0017,210,6.737,1,False,,
5621.01,219467837,FP,39.9753,9160,6.088,1,True,single,23.659
6661.01,355895977,PC,10.579,1530.59,2.84442,3,False,,
6673.01,99989903,PC,19.7468,276.366,7.1659,1,False,,
5983.01,356871098,PC,1.02719,863.091,0.988999,24,False,,
5985.01,272782368,PC,2.41577,242.499,2.17008,10,False,,
5991.01,230064711,PC,7.08932,127.611,3.37954,4,False,,
6253.01,287152495,PC,9.23473,354.607,0.961997,2,False,,
6257.01,237204346,PC,6.5452,356.029,4.19311,4,False,,
6044.01,356916207,PC,2.25386,383.727,1.51075,12,False,,
6067.01,198458010,PC,87.2129,659,2.986,1,False,,
6069.01,259099556,FA,1.62909,411.753,4.63152,15,False,,
6082.01,199712572,PC,3.59417,100,1.882,6,False,,
7389.01,224603921,CP,26.3451,130,6.144,1,False,,
7391.01,258776466,CP,7.41085,1257.56,1.97193,4,False,,
7392.01,198178859,PC,7.30506,180.422,3.25317,4,False,,
7397.01,259238498,PC,26.6797,367.923,5.56657,1,False,,
7626.01,229605578,PC,5.07121,229.94,1.81418,5,False,,
7000.01,154926644,PC,2.78976,3360,3.375,10,False,,
7005.01,99834321,APC,8.14201,5380,1.89,2,False,,
7709.01,399789568,PC,20.9203,1933.49,2.94104,1,False,,
7333.01,160585062,PC,6.26447,780,2.508,4,False,,
7090.01,166178400,APC,60.6826,8480,3.983,1,True,single,31.0082
7357.01,270494650,PC,60.3542,2598,6.682,1,True,single,10.263
6885.01,154067753,PC,11.6515,15415.7,4.11307,3,True,repeating,31.4339
