name,tic,disposition,period,depth_ppm,rp_rj,duration_ratio,n_on_star,tmag,p_planet,flagged
CTOI 220523550.01,220523550,PC,13.52,9.978e+05,0.6769,0.4924,2,11.11,0.9988,True
CTOI 52079677.02,52079677,PC,9.042,9.902e+05,1.108,0.2896,2,11.9,0.9978,True
CTOI 326356701.02,326356701,PC,1.108,9.953e+05,0.4983,,2,8.339,0.9965,False
CTOI 52079677.01,52079677,PC,9.035,9.662e+05,2.059,0.3192,2,11.9,0.9965,True
CTOI 39018208.01,39018208,PC,6.646,9.96e+05,0.9397,0.2779,2,11.1,0.9954,True
CTOI 39018208.02,39018208,PC,6.66,9.733e+05,2.442,0.2126,2,11.1,0.9951,True
TOI 5738.02,198162530,PC,28.55,1744,0.2547,0.4426,2,12.19,0.9917,False
TOI 6454.01,146413471,PC,22.5,3758,0.4476,0.8138,2,11.04,0.991,False
CTOI 180412528.01,180412528,PC,4.588,5.833e+04,1.189,0.7604,2,10.76,0.9898,False
CTOI 121420805.02,121420805,PC,1.718,9.383e+05,2.757,0.628,2,11.32,0.9897,True
CTOI 300903537.01,300903537,PC,5.824,8.307e+04,2.239,0.7231,3,12.3,0.9881,True
CTOI 204497617.01,204497617,PC,1.59,7.897e+05,4.462,0.5501,2,11.8,0.9844,True
CTOI 152223725.02,152223725,PC,4.44,5.471e+05,11.96,0.7422,2,9.315,0.9841,True
CTOI 91369561.03,91369561,PC,3.992,5.035e+05,11.76,0.8228,3,10.95,0.9833,True
CTOI 141268467.02,141268467,PC,4.175,5.374e+05,12.79,0.5791,2,7.709,0.9832,True
CTOI 144462697.02,144462697,PC,1.235,9.16e+05,4.483,0.6423,2,11.83,0.9822,True
CTOI 235009317.01,235009317,PC,7.458,2.203e+04,1.761,0.4046,2,11.83,0.9813,True
CTOI 219308281.02,219308281,PC,2.851,7.487e+05,9.276,0.6353,2,11.72,0.9806,True
CTOI 219308281.01,219308281,PC,2.86,1.617e+05,4.311,0.8193,2,11.72,0.9803,True
TOI 2103.02,160491359,PC,20.29,319.9,0.1517,0.8609,2,10.34,0.9793,False
TOI 4643.01,270355392,PC,5.026,650.1,0.1307,0.9158,2,10.61,0.979,False
CTOI 152223725.01,152223725,PC,4.432,1.061e+05,5.266,0.7549,2,9.315,0.9772,True
CTOI 445076121.02,445076121,PC,10.39,816.8,0.2554,1.181,2,10.14,0.9769,False
CTOI 237332597.02,237332597,PC,2.931,1.293e+05,5.119,0.7969,2,8.097,0.975,True
CTOI 235009317.02,235009317,PC,7.453,3441,0.696,0.4392,2,11.83,0.9746,True
CTOI 441422220.02,441422220,PC,3.699,5.342e+04,3.291,0.8212,2,9.064,0.9746,True
CTOI 121420805.01,121420805,PC,1.72,3.921e+05,8.652,0.9275,2,11.32,0.9733,True
TOI 6007.01,279922257,PC,949.8,3029,0.2554,0.3951,1,11.83,0.9729,False
CTOI 287351976.01,287351976,PC,1.924,4.228e+05,14.42,0.7267,2,11.63,0.9726,True
CTOI 144462697.01,144462697,PC,1.233,5.808e+05,10.01,0.7624,2,11.83,0.9683,True
TOI 5159.01,286712787,PC,5.837,256.7,0.1439,0.9179,2,8.674,0.9658,False
CTOI 2025895835.01,2025895835,PC,14.18,8.147e+04,,,1,18.27,0.9647,False
CTOI 237204346.02,237204346,PC,6.545,391.9,0.2316,1.028,2,10.67,0.964,False
TOI 4639.01,91251292,PC,3.991,670.2,0.2411,0.9674,2,10.67,0.9635,False
TOI 707.02,167342439,PC,17.48,163.3,0.1326,0.9426,2,10.09,0.9632,False
TOI 4647.01,303204165,PC,8.835,646.1,0.2265,0.8352,2,9.591,0.9631,False
CTOI 273792220.02,273792220,PC,1.987,5.304e+04,3.414,0.4846,2,7.465,0.9617,True
CTOI 41896812.02,41896812,PC,1.263,3.334e+05,10.01,0.6163,2,10.76,0.9605,True
TOI 872.01,220459826,PC,2.24,1153,0.2452,0.5573,2,11.83,0.9604,False
CTOI 272357134.02,272357134,PC,4.196,1.696e+04,2.979,0.7562,2,8.536,0.959,True
CTOI 273792220.01,273792220,PC,1.987,2.637e+04,2.407,0.5049,2,7.465,0.9572,True
CTOI 356227008.01,356227008,PC,2.961,522.7,0.2132,1.013,2,12.38,0.9555,False
CTOI 287351976.02,287351976,PC,1.924,8.02e+04,6.28,0.8753,2,11.63,0.9536,True
CTOI 266996791.02,266996791,PC,2.123,1.191e+05,12.32,1.145,2,10.49,0.951,True
TOI 2103.01,160491359,PC,2.662,221,0.1086,0.7816,2,10.34,0.9384,False
CTOI 152821198.01,152821198,PC,7.452,309.9,0.1849,0.6041,2,10.14,0.9309,False
TOI 6965.02,80224448,PC,28.07,154.3,0.1447,0.9901,2,6.31,0.9065,False
CTOI 350480660.01,350480660,PC,4.463,2.625e+04,,0.8237,1,11.31,0.9003,True
CTOI 349358047.01,349358047,PC,6.43,854.3,0.2547,1.121,2,11.68,0.8974,False
TOI 3197.01,331160996,PC,2.197,3.068e+04,,,1,13.59,0.871,False
CTOI 233535064.01,233535064,PC,76.58,7912,1.083,0.02975,1,12.32,0.8706,False
CTOI 115115136.01,115115136,PC,3.971,9.702e+05,,0.4668,2,11.4,0.8662,True
CTOI 206544316.04,206544316,PC,0.3257,7.385e+04,1.219,0.6152,4,11.63,0.8604,True
CTOI 272357134.01,272357134,PC,4.188,1354,0.8417,0.7632,2,8.536,0.8562,True
TOI 5256.01,356146869,PC,21.2,6630,0.6119,0.863,1,13.09,0.8549,False
CTOI 92349924.01,92349924,PC,8.801,1.916e+04,2.943,0.3592,3,10.82,0.8522,True
CTOI 318357083.01,318357083,PC,3.24,1.588e+04,,0.8303,1,10.22,0.8516,True
TOI 7153.01,154869806,PC,27.62,2176,0.3505,0.8591,1,12.19,0.8492,False
TOI 3142.01,387791274,PC,1.154,4.019e+04,,,1,13.23,0.8456,True
TOI 5761.01,428703516,APC,19.54,4120,0.4514,0.8313,1,11.71,0.8447,True
TOI 7263.01,269130683,PC,49.21,3135,0.6865,0.4661,1,10.78,0.8441,False
TOI 5937.01,158552665,PC,21.07,1.58e+04,1.215,0.492,1,13.39,0.8429,False
TOI 811.01,100757807,PC,25.18,1.257e+04,1.267,0.6248,1,10.93,0.8378,False
TOI 4807.01,174546820,PC,17.69,1.031e+04,0.7854,0.3064,1,11.97,0.8372,True
TOI 5197.01,219431828,APC,20.58,8520,0.7666,0.2942,1,11.91,0.8364,True
CTOI 97905875.01,97905875,PC,2.522,8e+04,0.9813,0.9482,1,14.1,0.8337,False
CTOI 368803791.01,368803791,PC,15.53,2.2e+04,1.445,0.4959,1,11.17,0.8266,True
TOI 5193.01,336126253,PC,19,2960,0.4278,0.8558,1,11.8,0.8233,False
TOI 6936.01,63082902,PC,10.3,4219,0.3576,0.6232,1,12.27,0.8179,True
TOI 6294.01,434813314,PC,9.289,1.404e+04,0.8584,0.8613,1,12.45,0.8133,False
CTOI 356435413.01,356435413,PC,27.48,1.408e+04,1.41,0.01658,1,10.94,0.8106,True
TOI 121.01,207081058,APC,14.77,1.504e+04,1.373,0.9339,1,9.936,0.7964,True
TOI 4769.01,333814134,PC,2.864,8590,,,1,12.51,0.7952,False
TOI 3607.01,277505161,PC,3.588,6810,,,1,13.11,0.7948,False
CTOI 265489698.01,265489698,PC,1.156,8.403e+04,6.432,0.1813,2,8.786,0.7928,True
TOI 6206.01,154576989,PC,13.15,7691,0.8592,0.8149,1,12.89,0.7905,False
TOI 6904.01,387294150,PC,16.83,2000,0.2645,0.6687,1,11.44,0.7877,False
CTOI 25226885.02,25226885,PC,1.631,9.846e+05,1.334,0.4009,2,11.93,0.7853,True
CTOI 91369561.02,91369561,PC,3.993,7.4e+04,4.507,0.7411,3,10.95,0.778,True
TOI 4106.01,233535738,APC,16.36,1220,0.3108,0.9877,1,11.25,0.7725,False
TOI 2276.01,198456933,PC,76.87,341.6,0.1717,0.9689,1,8.907,0.771,False
TOI 5394.01,61109252,APC,15.19,5720,0.8636,0.5146,1,8.015,0.7688,True
TOI 5566.01,73250068,PC,14.58,5490,0.8661,0.8863,1,13.11,0.7687,False
TOI 4637.01,306485267,PC,14.35,1053,0.2502,0.608,1,10.4,0.767,False
TOI 746.01,167418903,PC,10.98,8276,0.9084,0.4809,1,11.38,0.765,True
TOI 3465.01,454361389,PC,3.956,4330,,,1,12.79,0.7612,False
CTOI 318707367.01,318707367,PC,13.98,1.249e+04,1.339,0.7453,1,10.88,0.7586,True
CTOI 183649080.01,183649080,PC,13.47,927.6,0.2409,0.8073,1,11.14,0.7575,False
TOI 6229.01,437736517,PC,4.607,1.758e+04,0.9469,0.7516,1,12.92,0.7539,False
TOI 6494.01,438376091,PC,3.533,4509,,,1,12.21,0.7537,False
TOI 6646.01,346855283,PC,17.75,1395,0.4219,0.9467,1,9.561,0.7515,False
CTOI 139468902.02,139468902,PC,0.4569,160.5,0.3134,1.028,2,6.973,0.7482,False
TOI 3708.01,251652214,PC,7.273,1.382e+04,1.192,0.9512,1,11.98,0.7478,False
TOI 6944.01,421005422,PC,12.3,1304,0.2328,1.043,1,10.71,0.7429,False
CTOI 92866460.01,92866460,PC,19.16,4438,0.7904,0.01643,1,10.71,0.7422,True
CTOI 80384789.01,80384789,PC,36.6,378,0.1669,0.2288,1,6.992,0.7419,False
CTOI 201879670.01,201879670,PC,9.326,2064,0.2771,1.006,1,12.66,0.7418,False
TOI 5379.01,328325110,APC,12.74,1.076e+04,1.488,0.5722,1,9.598,0.7406,True
TOI 4026.01,428963229,PC,3.124,4477,,,1,13.18,0.7401,False
TOI 6218.01,202283090,PC,5.157,1.659e+04,1.075,0.6813,1,11.7,0.7399,False
CTOI 135050395.01,135050395,PC,6.76,2.108e+04,1.184,0.03079,1,9.576,0.7369,True
TOI 6630.01,312612366,PC,7.71,6083,0.7605,1.058,1,13.12,0.7344,False
TOI 6809.01,29821723,PC,2.686,3.1e+04,0.9878,0.7977,1,14.4,0.7285,False
CTOI 259376845.01,259376845,PC,13.45,920,,0.9464,1,12.27,0.7274,False
TOI 1059.01,380783252,PC,9.45,2.539e+04,2.431,0.5175,1,9.783,0.7261,True
TOI 6481.01,101225566,PC,6.28,4992,0.5696,0.6676,1,12.53,0.7259,False
CTOI 355367029.01,355367029,PC,13.03,550.2,0.2096,1.017,1,10.98,0.7229,False
TOI 6824.01,197642926,PC,5.407,1.309e+04,1.073,0.7672,1,12.56,0.7219,False
TOI 4152.01,1813844121,PC,1.582,1.328e+04,,,1,11.77,0.719,False
TOI 6114.01,419840740,PC,8.954,5133,0.7803,0.5693,1,12.42,0.7179,False
TOI 2566.01,284679064,PC,4.21,9271,0.7517,1.048,1,13.06,0.7153,False
TOI 5112.01,337385330,PC,15.53,1236,0.1942,1.046,1,10.19,0.7146,False
CTOI 135230723.01,135230723,PC,6.776,2.633e+04,1.677,0.04385,1,12.28,0.7089,True
CTOI 152366332.01,152366332,PC,8.124,1275,0.1392,2.901,1,11.64,0.7058,True
TOI 2679.01,323295908,PC,3.854,1.452e+04,1.06,0.9905,1,12.45,0.7014,False
CTOI 301980639.01,301980639,PC,4.783,2.199e+04,1.545,0.4506,1,11.84,0.7003,True
CTOI 389662862.01,389662862,PC,2.998,2.308e+04,0.2981,0.7897,1,15.25,0.6974,False
TOI 5509.01,35285308,PC,5.766,6750,0.8143,0.7753,1,12.59,0.6973,False
TOI 5905.01,341299943,PC,3.023,1.715e+04,1.015,0.8783,1,12.81,0.697,False
TOI 4040.01,356786657,PC,7.136,1047,0.2485,0.8174,1,12.34,0.6966,False
CTOI 155916287.01,155916287,PC,6.053,2.77e+04,1.737,0.02011,1,11.19,0.6961,True
CTOI 52121844.01,52121844,PC,8.295,764.6,0.2283,1.013,1,11.13,0.6951,False
CTOI 355417812.01,355417812,PC,9.686,1328,0.3756,0.7642,1,12.33,0.6927,False
TOI 5756.01,72889156,APC,7.641,2.305e+04,0.842,0.3516,1,14.03,0.6901,False
TOI 4058.01,229639351,PC,2.867,7280,,,1,13.41,0.6888,False
TOI 5633.01,119131709,PC,17.28,2760,0.5718,0.634,1,11.16,0.6867,False
TOI 3904.01,233462817,APC,10.16,3230,0.6839,0.2615,1,11.38,0.6862,True
TOI 3213.01,314013231,APC,2.54,2.42e+04,,,1,13.04,0.6859,False
TOI 1822.01,9392421,APC,9.614,7000,1.3,0.7383,1,10.72,0.6857,True
TOI 4165.01,398371628,PC,7.141,7517,1.069,0.5147,1,12.19,0.6839,False
TOI 7724.01,77552382,PC,3.51,4729,0.4916,,1,13.03,0.6829,False
TOI 5808.01,459735346,PC,7.17,731,0.2117,0.8506,1,8.941,0.6815,False
TOI 5427.01,52420398,PC,5.237,1.163e+04,1.269,0.8745,1,11.66,0.6803,False
TOI 6871.01,426471754,PC,12.47,1127,0.2248,0.9487,1,8.95,0.6799,False
CTOI 52811061.01,52811061,PC,12.78,656.3,0.217,0.6476,1,10.72,0.6787,False
TOI 6867.01,405230669,PC,3.681,8544,0.79,0.8424,1,13.05,0.6781,False
TOI 3135.01,448098793,PC,3.707,1.501e+04,1.158,0.6079,1,11.1,0.6774,False
TOI 3428.01,271486001,PC,5.395,1430,,,1,12.19,0.673,False
TOI 5372.01,371470493,PC,11.63,3550,0.9085,0.3458,1,11.89,0.6722,True
TOI 1718.01,257241363,PC,5.587,1907,0.3785,0.8466,1,8.256,0.6702,False
TOI 2549.01,80711765,PC,4.858,1.107e+04,,,1,11.73,0.6695,False
TOI 2366.01,39218269,APC,17.19,3130,1.153,0.3939,1,11.84,0.6674,True
TOI 859.01,150430484,PC,5.154,2522,0.4105,0.3991,1,11.96,0.6665,False
CTOI 159164942.01,159164942,PC,9.368,713.4,0.2935,1.388,1,12.56,0.6661,False
CTOI 153990815.01,153990815,PC,4.443,8770,0.585,0.03571,1,14.3,0.665,False
TOI 6102.01,55849732,PC,5.371,1.46e+04,1.075,0.8439,1,13.58,0.6635,False
CTOI 231302070.01,231302070,PC,7.893,1963,0.3685,0.7635,1,12.25,0.6625,False
CTOI 138664795.01,138664795,PC,7.395,1.441e+04,2.161,0.9384,1,12.83,0.6609,True
CTOI 445070428.01,445070428,PC,7.412,1429,0.2715,0.8436,1,12.41,0.6606,False
TOI 6384.01,16550540,PC,2.481,2.467e+04,0.7914,0.7534,1,14.39,0.6601,False
TOI 6947.01,457039843,PC,6.52,9263,1.429,0.8429,1,11.97,0.6588,False
TOI 2582.01,21279791,PC,3.018,8960,0.8125,,1,12.48,0.658,False
CTOI 192831602.01,192831602,PC,19.58,8110,1.311,0.02211,1,11.44,0.6578,True
CTOI 418695901.01,418695901,PC,19.05,3636,0.4903,0.03834,1,12.18,0.6549,False
TOI 1258.01,288132261,PC,10.26,726,0.3215,0.8432,1,9.136,0.6545,False
CTOI 257483992.01,257483992,PC,8.787,2.275e+04,2.547,0.03407,1,11.22,0.6542,True
TOI 5860.01,462372373,APC,5.25,9200,1.154,0.3909,1,12,0.6524,True
CTOI 400637294.01,400637294,PC,11.48,4002,0.6417,0.8405,1,12.58,0.6507,False
TOI 3874.01,154105890,PC,5.582,7390,1.04,0.3458,1,13.06,0.6484,False
TOI 4788.01,156999527,PC,4.393,1.111e+04,1.251,0.5769,1,12.48,0.6473,False
TOI 3517.01,123007594,PC,3.369,1.327e+04,1.217,0.7407,1,13.45,0.6457,False
CTOI 237342298.01,237342298,PC,2.692,3.119e+04,2.005,0.9059,1,11.77,0.6422,True
TOI 3510.01,57753734,PC,2.872,1.348e+04,1.175,0.8798,1,12.76,0.6368,False
TOI 162.01,99493790,APC,7.765,2.453e+04,1.392,0.7652,1,11.68,0.6365,True
CTOI 271755676.01,271755676,PC,1.715,7703,,0.584,1,14.77,0.6356,False
TOI 948.01,146438872,APC,12.7,2483,0.9402,0.3812,1,10.51,0.6348,True
TOI 1461.01,44631965,APC,3.569,2.026e+04,1.827,0.665,1,11.38,0.6336,True
TOI 6501.01,35973654,PC,4.458,5095,0.8102,0.8003,1,12.83,0.6326,False
TOI 2867.01,156949982,PC,5.639,7320,1.267,0.7813,1,13.49,0.6302,False
TOI 507.01,348538431,PC,0.8995,5.877e+04,1.527,0.8663,1,13.23,0.6288,False
CTOI 219737615.01,219737615,PC,14.3,1066,0.4764,0.755,1,13,0.6279,False
TOI 668.01,102195674,APC,4.379,3.02e+04,1.935,0.9462,1,11.34,0.6277,True
TOI 2901.01,295093397,PC,4.609,1.399e+04,1.817,0.9208,1,11.94,0.6267,False
CTOI 70663347.01,70663347,PC,8.734,1.673e+04,2.375,0.03838,1,12.04,0.6267,True
TOI 5307.01,369477998,APC,5.298,3920,0.3574,0.7027,1,12.13,0.6264,True
TOI 5911.01,239361732,PC,4.01,7750,1.085,1.015,1,12.83,0.6259,False
CTOI 295176393.01,295176393,PC,27.25,4880,1.145,0.01032,1,9.552,0.6258,True
TOI 6047.01,115451738,PC,2.081,1.675e+04,1.312,2.63,1,14.13,0.6255,True
CTOI 416455230.01,416455230,PC,7.793,1.291e+04,1.574,0.02678,1,11.4,0.6249,True
TOI 4150.01,102719996,PC,9.794,6228,1.176,0.7635,1,12.81,0.6228,False
CTOI 236325042.01,236325042,PC,10.97,510.1,0.2501,1.579,1,11.37,0.6225,True
TOI 3127.01,17361,APC,3.607,9930,1.182,0.4906,1,11.34,0.6142,False
CTOI 219031524.01,219031524,PC,6.943,703.2,0.2475,1.037,1,12.5,0.6115,False
TOI 1974.01,295562522,APC,5.438,7830,1.318,0.3203,1,10.58,0.6089,True
TOI 3840.01,287231664,PC,3.622,6140,0.9074,0.7773,1,13.17,0.6089,False
TOI 3625.01,1980725947,PC,2.971,1.176e+04,1.321,0.9517,1,12.37,0.6042,False
TOI 6700.01,167085203,PC,15.52,3717,0.8459,0.1876,1,12.23,0.603,False
TOI 4694.01,50745119,PC,5.629,8030,1.293,0.3498,1,13.52,0.6026,False
TOI 5827.01,369062542,PC,5.049,7850,1.409,0.6588,1,12.92,0.6022,False
CTOI 313421921.01,313421921,PC,11.5,2071,0.4473,0.8725,1,13.23,0.6021,False
TOI 5771.01,459836041,PC,6.687,3870,0.9991,0.4563,1,13.04,0.6012,False
CTOI 118301920.01,118301920,PC,11.37,1986,0.5959,0.7391,1,12.37,0.6003,False
TOI 3148.01,323980895,PC,4.281,4910,0.9529,,1,11.68,0.598,True
TOI 4678.01,206717400,PC,4.774,1.069e+04,1.102,0.7388,1,13.09,0.5979,False
CTOI 22345069.01,22345069,PC,3.241,722.1,0.1949,0.9745,1,10.82,0.5956,False
CTOI 393390683.01,393390683,PC,11.74,530.3,0.2026,0.8347,1,11.34,0.5927,False
TOI 3304.01,381789320,PC,3.493,7980,1.169,0.7199,1,12.01,0.5911,False
TOI 4762.01,119069946,PC,4.359,1030,0.3225,0.9859,1,11.28,0.5907,False
TOI 6863.01,419957314,PC,7.841,5326,0.8801,0.5731,1,13.06,0.5905,False
TOI 3907.01,165723070,PC,1.721,1.189e+04,0.9522,0.8357,1,12.85,0.5897,False
TOI 4818.01,181422954,PC,2.601,5707,0.7905,1.069,1,13.29,0.5867,False
TOI 759.01,152147232,APC,4.214,6400,1.157,0.6483,1,11.67,0.5866,True
CTOI 264485594.01,264485594,PC,7.17,7160,1.394,0.01503,1,12.14,0.5854,True
TOI 2840.01,178577607,PC,1.532,2.902e+04,1.737,0.8817,1,12.92,0.5838,False
TOI 4299.01,67535663,PC,6.602,600,0.3173,1.285,1,10.27,0.583,False
CTOI 375477302.01,375477302,PC,3.079,1.601e+04,1.802,0.4856,1,12.03,0.5792,True
TOI 6612.01,76706043,PC,2.321,1.279e+04,1.253,0.4909,1,11.73,0.5782,False
TOI 6117.01,436508469,PC,9.866,5737,1.032,0.8139,1,11.6,0.5772,False
TOI 3260.01,370138999,PC,11.45,1500,0.8604,0.4942,1,12.12,0.5763,True
TOI 2889.01,355796887,PC,3.658,3.23e+04,,,1,12.97,0.5758,True
TOI 3944.01,338065029,PC,2.315,5256,,,1,12.59,0.5749,False
TOI 4763.01,143072696,PC,5.868,4550,1.275,0.8575,1,11.93,0.5736,False
CTOI 282502866.01,282502866,PC,7.401,1.346e+04,1.961,0.01546,1,7.43,0.573,True
TOI 2809.01,45655786,PC,3.166,5175,0.9218,,1,10.91,0.5704,False
TOI 2159.01,270515566,APC,10.05,9533,1.244,1.067,1,10.86,0.5681,True
TOI 7863.01,464286189,PC,18.3,2887,0.6675,0.3894,1,10.84,0.5648,True
CTOI 115350749.01,115350749,PC,3.912,994.9,0.3431,1.222,1,13.04,0.5645,False
CTOI 163358253.01,163358253,PC,13.16,1192,0.6533,0.5433,1,10.83,0.5639,False
TOI 6320.01,196474344,PC,3.636,1.47e+04,1.688,0.9424,1,13.02,0.5636,False
TOI 7590.01,148322608,PC,7.336,3050,1.007,0.202,1,12.13,0.5633,True
TOI 4917.01,317362389,PC,4.774,9170,1.193,0.8173,1,11.16,0.5629,False
CTOI 17653496.01,17653496,PC,5.844,378,0.1766,0.8802,1,10.84,0.561,False
TOI 2533.01,418012030,PC,6.686,6690,0.8612,0.7288,1,11.64,0.5599,False
TOI 7700.01,164695417,PC,3.591,4310,0.8566,0.4286,1,11.2,0.5586,False
TOI 2057.01,229888286,PC,5.599,2541,0.8905,,1,10.72,0.5585,False
CTOI 165493409.01,165493409,PC,9.112,5362,1.422,0.0292,1,10.38,0.5571,True
TOI 764.01,181159386,APC,5.632,1.388e+04,3.001,0.7273,1,11.17,0.556,True
TOI 5677.01,287959034,APC,3.848,2571,0.6084,0.316,1,9.508,0.5554,True
TOI 6611.01,403368444,PC,6.557,8511,1.13,0.5723,1,12.14,0.5526,True
TOI 446.01,1449640,APC,3.502,1.62e+04,1.972,0.8176,1,11.92,0.5526,True
TOI 1044.01,463402815,PC,1.009,3051,,,1,10,0.5517,False
TOI 1951.01,356590734,PC,4.829,8223,1.776,0.4497,1,9.872,0.5517,True
CTOI 287446225.01,287446225,PC,11.98,950.3,0.4055,0.8775,1,10.98,0.5514,False
TOI 4890.01,92004082,PC,3.047,8595,1.402,0.8079,1,11.6,0.5512,False
TOI 6108.01,255780160,PC,3.878,7843,1.118,0.874,1,13.75,0.5478,False
CTOI 388504644.01,388504644,PC,5.691,1500,,,1,9.978,0.5478,False
CTOI 420888232.01,420888232,PC,10.85,348,0.2492,0.02779,1,10.25,0.5477,False
TOI 5475.01,78601408,APC,10.05,5160,1.029,0.2843,1,12.21,0.5466,True
TOI 2222.01,306510653,PC,2.246,1.263e+04,1.551,0.935,1,12.74,0.5459,False
TOI 6080.01,116048097,PC,8.056,913.9,0.3013,0.9022,1,10.59,0.545,False
TOI 5105.01,203287192,PC,4.446,5839,1.411,0.6573,1,12.15,0.5449,False
CTOI 450330576.01,450330576,PC,3.07,571.2,0.2215,1.531,1,12.59,0.5425,True
TOI 3010.01,357202877,PC,9.554,1.826e+04,1.61,0.624,1,11.97,0.5424,True
TOI 2772.01,435934762,PC,2.85,2.38e+04,,,1,12.87,0.5409,True
CTOI 381543300.01,381543300,PC,3.856,2.573e+04,2.413,0.02715,1,10.8,0.539,True
TOI 3956.01,309849817,PC,2.669,7370,1.152,0.4867,1,13.08,0.5381,False
TOI 5932.01,405122173,PC,3.1,1.135e+04,1.632,0.3994,1,13.08,0.5369,False
TOI 4338.01,253434221,APC,7.5,3024,1.227,0.2756,1,10.09,0.5348,True
TOI 243.01,149010208,APC,3.437,1.502e+04,2.29,0.7807,1,11.68,0.534,True
TOI 3478.01,255909950,PC,1.829,1.775e+04,1.829,0.7937,1,12.33,0.5295,False
TOI 6375.01,390410937,PC,3.068,7144,1.339,0.6031,1,13.14,0.5293,False
TOI 4608.01,427740976,PC,2.349,9053,1.307,0.5985,1,11.45,0.5292,False
CTOI 200325754.01,200325754,PC,6.978,994.2,0.4192,0.78,1,12.74,0.5262,False
CTOI 165326241.01,165326241,PC,9.114,507.7,0.2301,0.6497,1,11.43,0.525,False
TOI 7155.01,468350765,PC,3.895,1071,0.1924,0.9989,1,11.84,0.5227,False
TOI 3006.01,386161311,PC,8.613,1.284e+04,1.845,0.3938,1,11.96,0.5212,True
TOI 3502.01,452281203,PC,3.447,3746,0.877,0.2894,1,11.47,0.5209,True
TOI 5219.01,378708888,PC,2.888,7680,1.454,0.6982,1,13.41,0.5184,False
CTOI 65557265.01,65557265,PC,1.683,1.29e+04,1.418,0.5282,1,14.09,0.5134,True
CTOI 159438790.01,159438790,PC,1.704,3807,0.4239,0.03399,1,14.13,0.5128,False
CTOI 177797477.01,177797477,PC,4.038,518,0.2784,0.8389,1,10.22,0.5109,False
TOI 317.01,402319411,PC,3.326,2.422e+04,1.318,0.969,1,12.92,0.5095,False
CTOI 153734545.01,153734545,PC,3.22,3.497e+04,4.79,0.4966,1,9.93,0.509,True
CTOI 32606889.01,32606889,PC,4.687,1.091e+04,2.134,0.0306,1,11.64,0.5046,True
CTOI 60912934.01,60912934,PC,9.011,2542,0.4273,0.7159,1,12.86,0.4995,False
TOI 2588.01,284418751,PC,3.587,3120,0.893,0.271,1,10.67,0.4965,False
TOI 4657.01,434110695,PC,8.116,1807,0.5222,0.1976,1,11.55,0.4908,True
TOI 3356.01,229138584,PC,2.912,1210,0.4535,0.8214,1,12.13,0.4894,False
CTOI 233179958.01,233179958,PC,4.349,342.3,0.1379,0.6636,1,11.04,0.4887,False
TOI 5103.01,366443576,APC,4.99,1850,0.8143,0.2088,1,11.57,0.4823,True
TOI 3056.01,67798337,PC,1.809,1.583e+04,2.072,0.5079,1,13.28,0.4791,True
CTOI 62895484.01,62895484,PC,2.84,1339,0.3117,1.056,1,12.07,0.4769,False
TOI 3770.01,8621049,APC,0.9184,6480,0.6877,0.5563,1,13.47,0.4729,False
CTOI 289505441.01,289505441,PC,9.822,755,0.5005,0.02666,1,10.96,0.4694,False
CTOI 344128619.01,344128619,PC,4.102,2009,0.3311,0.7596,1,12.21,0.468,False
TOI 5329.01,61145589,PC,3.78,4080,1.001,0.1947,1,12.77,0.4679,False
TOI 1371.01,162130054,APC,5.01,9324,1.882,0.5369,1,9.948,0.4673,True
TOI 4540.01,388816604,PC,2.505,1723,0.3521,0.8524,1,12.95,0.4659,False
CTOI 406449976.01,406449976,PC,8.658,1154,0.2833,1.313,1,13.03,0.4651,False
CTOI 470974267.01,470974267,PC,6.818,248.1,0.257,0.917,1,10.76,0.4645,False
CTOI 437041147.01,437041147,PC,3.823,446.7,0.1976,0.7422,1,11.64,0.4644,False
TOI 1544.01,455791689,PC,1.292,1224,,,1,10.41,0.4607,False
TOI 4125.01,147761049,PC,4.716,1.124e+04,1.638,0.6725,1,12.72,0.4592,False
TOI 3081.01,432467894,PC,3.437,4410,1.582,,1,13.26,0.4581,False
CTOI 246977824.01,246977824,PC,4.653,627,0.2419,0.9945,1,12.16,0.4578,False
CTOI 405679904.01,405679904,PC,3.308,524.6,0.3227,0.7484,1,12.31,0.4547,False
TOI 6240.01,249776059,PC,1.18,7122,1.059,1.12,1,12.98,0.4541,False
TOI 3155.01,457272901,APC,4.649,7880,0.7993,0.3536,1,11.61,0.4505,True
CTOI 153735144.01,153735144,PC,3.779,3.168e+04,2.587,0.8777,1,11.59,0.4493,True
TOI 2764.01,53122063,PC,2.277,3620,0.9688,0.4426,1,12.69,0.4492,False
TOI 3298.01,407772585,PC,3.054,1.244e+04,1.601,0.4219,1,12.24,0.4489,True
TOI 4105.01,233576159,PC,5.715,2080,0.9324,0.3684,1,12.55,0.4482,False
TOI 5668.01,357347296,PC,4.175,810,0.3638,0.9043,1,10.88,0.4462,False
TOI 5454.01,26406123,PC,3.72,4280,1.192,0.7908,1,13.26,0.4423,False
TOI 5200.01,21101556,PC,17.44,2060,1.024,0.4644,1,11.39,0.4418,True
CTOI 11799874.01,11799874,PC,4.258,6177,1.323,0.8315,1,5.81,0.4323,True
TOI 4973.01,397522142,PC,7.949,6340,0.8511,0.3577,1,10.73,0.4319,True
TOI 4234.01,81055189,PC,0.9082,5020,0.7621,1.062,1,13.54,0.4311,False
TOI 2038.01,235937532,APC,3.732,3436,1.569,0.7447,1,10.54,0.4308,True
TOI 1553.01,327341626,APC,5.938,6171,1.651,0.3429,1,10.35,0.4279,True
TOI 5371.01,17457400,PC,1.276,1.474e+04,1.294,0.3898,1,13.37,0.4255,False
CTOI 148969860.01,148969860,PC,18.81,313,0.3963,0.02264,1,9.972,0.424,False
CTOI 428320381.01,428320381,PC,2.434,6016,1.8,0.7192,1,11.13,0.4219,False
TOI 6365.01,272994016,PC,3.05,6761,1.229,0.798,1,13.48,0.4202,False
TOI 4400.01,231630147,PC,7.064,1.147e+04,1.766,0.584,1,11.94,0.4192,True
CTOI 82554573.01,82554573,PC,3.423,315.4,0.1828,0.9485,1,11.06,0.4131,False
CTOI 71431434.01,71431434,PC,7.208,1234,0.4748,0.0454,1,11.91,0.4103,False
TOI 3241.01,241326434,PC,6.838,3.405e+04,1.561,0.6393,1,11.78,0.4099,True
CTOI 376608431.01,376608431,PC,1.873,353.4,0.22,1.104,1,11.63,0.4035,False
TOI 3421.01,145023816,PC,2.839,6210,1.509,0.4771,1,13.35,0.3999,False
TOI 3208.01,319949055,PC,2.358,7210,1.04,1.127,1,13.3,0.3982,False
TOI 1263.01,406672232,PC,1.021,319,0.1305,0.7743,1,8.533,0.3967,False
CTOI 220523550.02,220523550,PC,13.5,9.567e+05,2.998,0.5039,2,11.11,0.3952,True
CTOI 389456920.01,389456920,PC,7.125,207.5,0.1875,0.8169,1,9.246,0.3947,False
CTOI 9698926.01,9698926,PC,2.777,821.1,0.2697,1.071,1,12.46,0.3929,False
TOI 5874.01,376454594,PC,2.578,7620,0.9273,0.4073,1,12.31,0.3917,False
TOI 3247.01,167597352,PC,5.331,5820,1.387,0.4375,1,12.88,0.3905,False
TOI 3756.01,67300566,APC,4.424,1.068e+04,1.126,0.44,1,11.56,0.3898,True
CTOI 236445128.01,236445128,PC,0.9691,2869,0.554,1.034,1,11.84,0.3867,False
CTOI 159348593.01,159348593,PC,2.278,1034,0.2868,0.04273,1,10.9,0.3859,False
CTOI 321741815.01,321741815,PC,10.34,379.6,0.5421,0.925,1,9.331,0.3824,False
CTOI 229578229.01,229578229,PC,6.43,416.8,0.3797,0.4862,1,12.24,0.3772,False
TOI 3378.01,133655284,PC,2.61,2844,1.422,0.7188,1,12.06,0.3752,False
CTOI 136886352.01,136886352,PC,2.722,4876,1.302,0.01518,1,10.94,0.3739,True
CTOI 286835453.01,286835453,PC,2.616,1093,0.536,0.01729,1,11.57,0.3716,False
CTOI 25226885.01,25226885,PC,1.631,8.834e+05,3.668,0.4127,2,11.93,0.3699,True
CTOI 67600790.01,67600790,PC,0.9609,3600,0.6922,0.5454,1,12.64,0.3692,False
TOI 4792.01,265350422,APC,8.448,7405,0.9143,0.3021,1,11.08,0.3691,True
CTOI 207080350.01,207080350,PC,9.106,3.351e+05,11.74,0.5202,2,7.094,0.3688,True
CTOI 224327878.01,224327878,PC,0.6701,2750,0.397,0.8015,1,10.57,0.3685,False
CTOI 415090780.01,415090780,PC,1.747,5127,1.61,0.4562,1,11.72,0.3678,False
TOI 2606.01,355800238,PC,1.451,7270,1.832,0.4413,1,11.78,0.3651,True
CTOI 277649549.01,277649549,PC,14.49,9.603e+05,3.683,0.28,2,7.519,0.3561,True
TOI 1698.01,190223929,PC,17.04,3520,,,1,11.1,0.3543,True
CTOI 144404037.01,144404037,PC,2.319,666.6,0.4897,0.4335,1,11.91,0.3521,False
TOI 5912.01,16538820,PC,6.904,3790,1.268,0.6415,1,12.15,0.3514,False
CTOI 130469151.01,130469151,PC,2.403,5397,1.455,0.01734,1,12.31,0.3509,False
TOI 2937.01,18794442,PC,2.014,5820,2.14,0.4174,1,13.42,0.3507,True
TOI 901.01,214361331,PC,3.231,2817,1.74,0.2716,1,9.688,0.3468,True
TOI 5040.01,412828754,PC,3.381,4420,1.395,0.5979,1,12.96,0.3391,False
CTOI 248445793.01,248445793,PC,9.621,1114,0.5602,0.2969,1,10.91,0.3329,False
CTOI 382517745.01,382517745,PC,10.44,9.854e+05,1.431,0.2034,2,10.6,0.3306,True
CTOI 47427690.01,47427690,PC,0.7652,586.2,0.2312,0.5605,1,12.65,0.3305,False
CTOI 397432341.01,397432341,PC,2.299,309,0.2124,0.7838,1,11.55,0.3268,False
CTOI 257735212.01,257735212,PC,2.522,1138,0.6045,0.01663,1,12.15,0.3245,False
CTOI 406526291.01,406526291,PC,3.51,2569,1.384,0.02232,1,11.23,0.3233,True
CTOI 167005326.01,167005326,PC,0.7204,6e+04,,0.572,1,12.25,0.3216,True
TOI 5736.01,310380289,PC,0.649,615.5,0.151,0.9994,1,11.98,0.3174,False
CTOI 93391886.01,93391886,PC,3.063,2334,1.022,0.7073,1,13.13,0.314,False
CTOI 220567625.01,220567625,PC,19.44,9.532e+05,5.879,0.2771,2,7.354,0.3135,True
CTOI 142583775.01,142583775,PC,4.783,63,0.1161,0.03138,1,7.421,0.3127,False
CTOI 302040469.01,302040469,PC,1.357,1567,0.595,0.6905,1,11.47,0.3057,False
CTOI 398734044.01,398734044,PC,2.424,245.6,0.2362,0.8093,1,10.48,0.3022,False
TOI 3191.01,342375120,PC,4.437,4940,1.509,0.2862,1,12.14,0.3004,True
CTOI 281700984.01,281700984,PC,4.336,304.8,0.2165,0.697,1,11.41,0.2994,False
CTOI 224634408.01,224634408,PC,5.405,835,0.4322,0.04874,1,11.38,0.2981,False
TOI 1455.01,387259626,APC,3.623,1.775e+04,1.65,0.6199,1,10.15,0.297,True
CTOI 302186856.01,302186856,PC,2.111,5599,2.12,0.03334,1,11.77,0.295,True
CTOI 190736332.01,190736332,PC,2.463,3.347e+04,2.004,0.7776,1,11.91,0.2948,True
TOI 5378.01,321069529,PC,5.284,700,1.213,,1,10.23,0.2911,False
TOI 2499.01,67196573,APC,2.557,1860,1.587,0.3696,1,10.8,0.2901,False
TOI 6264.01,291471222,PC,5.693,291,0.3395,0.5795,1,10.2,0.2883,False
CTOI 229515782.01,229515782,PC,1.002,539,0.1104,0.09912,1,11.18,0.2874,False
CTOI 130824060.01,130824060,PC,8.488,314.6,0.2752,1.121,1,10.55,0.287,False
TOI 2646.01,349966879,APC,0.3126,4540,0.7223,0.437,1,13.19,0.2767,False
TOI 6799.01,387295547,PC,0.6648,1215,0.4788,0.3118,1,11.73,0.2719,False
CTOI 277649549.02,277649549,PC,14.49,8.77e+05,6.482,0.3023,2,7.519,0.2663,True
CTOI 63817834.01,63817834,PC,4.525,864.1,0.3414,0.73,1,12.59,0.2642,True
TOI 3670.01,331854794,APC,2.195,7174,1.23,0.7751,1,12.85,0.2638,True
CTOI 266996791.01,266996791,PC,2.126,8.601e+05,33.1,0.7829,2,10.49,0.2517,True
TOI 6111.01,189322727,APC,5.834,1.194e+04,1.086,0.3365,1,11.69,0.2511,True
TOI 1546.01,194203348,PC,1.133,490,0.2707,0.7319,1,9.877,0.2481,False
TOI 6885.01,154067753,PC,11.65,1.542e+04,0.987,0.9693,1,12.44,0.2473,True
TOI 1204.01,467666275,PC,1.381,117.8,0.1998,0.7633,1,8.004,0.2452,False
TOI 2460.01,454224694,APC,0.5155,1462,0.586,0.5455,1,11.34,0.2444,False
TOI 2538.01,443115574,PC,2.91,1480,1.094,0.4668,1,10.6,0.2423,False
CTOI 154868829.01,154868829,PC,2.265,524.9,0.1704,1.111,1,12.79,0.2414,False
TOI 4393.01,107440797,PC,2.268,880,0.5727,0.3455,1,10.47,0.2368,False
CTOI 138854818.01,138854818,PC,5.789,9692,1.78,0.8098,1,12.07,0.2358,True
TOI 7710.01,261746870,PC,3.846,206.1,0.112,0.9072,1,9.039,0.2354,False
CTOI 20419596.01,20419596,PC,0.5295,408.9,0.2905,1.424,1,12.46,0.2313,False
TOI 2229.01,143410850,PC,4.987,860,0.4919,0.4481,1,10.67,0.2244,True
CTOI 141582431.01,141582431,PC,3.131,198,0.3909,0.03821,1,9.55,0.2224,False
TOI 3906.01,180607846,APC,0.6451,3430,0.6058,0.3793,1,12.77,0.217,False
CTOI 214299966.01,214299966,PC,3.068,9.855e+05,1.436,0.2284,1,10.46,0.2143,True
CTOI 277735964.01,277735964,PC,0.6148,6183,1.848,0.02772,1,12.53,0.212,False
CTOI 199618481.01,199618481,PC,0.4583,2992,0.7934,0.01969,1,14.19,0.2117,False
CTOI 405421924.01,405421924,PC,1.804,3080,2.178,0.007819,1,11.86,0.2064,True
TOI 1153.01,154840461,APC,6.036,987,0.8803,0.2588,1,8.405,0.2064,True
CTOI 339502646.01,339502646,PC,15.62,2897,0.8796,0.5115,1,11.97,0.2001,True
TOI 3715.01,354293303,PC,2.471,8215,1.875,,1,12.92,0.1971,False
CTOI 372909935.01,372909935,PC,3.612,9690,1.715,0.252,1,11.03,0.1949,True
CTOI 24807054.01,24807054,PC,0.9991,245.5,0.223,1.113,1,10.72,0.1888,False
TOI 2819.01,387275908,APC,4.391,8721,2.306,0.3898,1,11.68,0.1858,True
CTOI 120099463.01,120099463,PC,4.695,1004,0.8585,0.01946,1,12.09,0.185,False
TOI 3386.01,174426662,PC,0.8856,1900,0.4507,0.5428,1,12.48,0.1848,False
TOI 4376.01,250306572,PC,1.609,320,0.4008,0.5561,1,10.3,0.1714,False
CTOI 237332597.01,237332597,PC,2.93,9505,1.388,0.914,2,8.097,0.1703,True
CTOI 219322317.01,219322317,PC,8.546,4.134e+04,3.5,0.6284,1,12.19,0.17,True
TOI 6151.01,312289279,PC,1.435,698,0.6301,0.4569,1,11.56,0.1615,True
CTOI 332954788.01,332954788,PC,0.6998,507.4,0.1829,0.8845,1,11.41,0.1542,True
TOI 2390.01,369965258,PC,2.119,1701,0.7579,0.343,1,11.36,0.1494,True
CTOI 458447637.01,458447637,PC,1.619,384,0.3166,0.02422,1,9.957,0.1442,False
TOI 3130.01,453396346,PC,0.4415,3910,2.811,,1,13.56,0.1408,True
CTOI 90083037.01,90083037,PC,9.941,1.136e+04,2.162,0.5014,1,7.912,0.1404,True
TOI 1187.01,372757221,PC,2.594,907,0.399,0.2585,1,9.9,0.1397,True
CTOI 278536652.01,278536652,PC,7.132,5578,1.554,0.02532,1,10.34,0.1386,True
TOI 3243.01,209707800,PC,2.052,1.032e+04,1.316,,1,11.72,0.134,True
CTOI 141268467.01,141268467,PC,4.181,5.555e+05,12.52,0.5675,2,7.709,0.1279,True
CTOI 118389230.01,118389230,PC,3.757,1.149e+04,1.7,0.02439,1,9.178,0.1202,True
TOI 1115.01,379286801,APC,4.452,8483,1.417,0.4667,1,10.53,0.1166,True
CTOI 317063048.01,317063048,PC,2.193,875,1.734,0.01602,1,11.97,0.1138,False
CTOI 441422220.01,441422220,PC,3.7,2.847e+05,7.597,0.7186,2,9.064,0.1122,True
TOI 865.01,44797824,APC,0.7456,784.7,0.3035,0.2321,1,9.798,0.1105,True
TOI 4731.01,438368981,PC,1.455,9810,1.198,,1,11.8,0.1045,True
CTOI 321075958.01,321075958,PC,0.8231,2018,1.115,0.0195,1,11.05,0.101,False
TOI 5706.01,137843225,PC,0.3577,996.7,0.3045,0.2859,1,10.76,0.09568,True
CTOI 21818238.01,21818238,PC,10.44,2.186,0.6687,0.9077,1,11.06,0.09471,True
CTOI 294097549.02,294097549,PC,199.5,1390,1.793,0.8087,2,10.47,0.09292,True
CTOI 290048573.01,290048573,PC,1.483,3284,0.2507,0.7449,1,12.68,0.091,True
TOI 801.01,177258735,PC,0.7757,44.14,0.08316,0.5523,1,7.541,0.08732,True
CTOI 375517114.01,375517114,PC,1.082,3943,0.1211,2.638,1,12.28,0.08177,True
CTOI 278683641.01,278683641,PC,4.252,1.411e+04,1.898,0.7366,2,9.54,0.06963,True
CTOI 1030389830.01,1030389830,PC,0.6877,7.541e+04,2.273,1.1,1,14.82,0.06267,True
CTOI 41896812.01,41896812,PC,1.259,6.132e+04,4.293,0.8056,2,10.76,0.04436,True
CTOI 38850860.01,38850860,PC,8.417,2.733e+04,1.864,0.5445,1,11.51,0.02518,True
CTOI 467113954.01,467113954,PC,7.571,5.311e+04,2.782,0.5108,1,10.89,0.02514,True
TOI 6806.01,144327080,APC,23.25,4.864e+04,1.405,0.8287,1,11.33,0.02408,True
CTOI 102625324.01,102625324,PC,9.176,1.232e+04,1.162,0.2692,1,10.72,0.02299,True
CTOI 268290940.01,268290940,PC,9.307,4.312e+04,3.147,0.4321,1,10.17,0.02263,True
CTOI 270462117.01,270462117,PC,3.932,9025,1.661,0.798,1,9.967,0.022,True
CTOI 204327008.02,204327008,PC,0.3215,7.758e+04,2.685,,2,11.08,0.01546,True
CTOI 265489698.02,265489698,PC,1.153,2.186e+04,3.281,0.2205,2,8.786,0.01475,True
TOI 5156.01,468889418,PC,22.85,1265,0.8022,0.3598,1,10.24,0.0143,True
CTOI 225336886.01,225336886,PC,2.171,29.6,2.892,0.9988,1,12.4,0.01344,True
CTOI 140736015.01,140736015,PC,7.314,2.28e+04,3.492,0.3881,1,10.25,0.01289,True
CTOI 198358825.01,198358825,PC,23.5,4.659e+04,3.159,0.8348,1,11.44,0.01224,True
TOI 5149.01,286094277,PC,27.37,1.105e+04,1.633,0.9628,1,10.48,0.01009,True
TOI 6568.01,253126207,PC,17.44,1.542e+04,1.667,0.6036,1,11.11,0.008935,True
CTOI 234518605.01,234518605,PC,5.679,5.752e+04,2.443,,1,11.96,0.008202,True
TOI 924.01,382068562,PC,12.13,1.917e+04,1.812,0.4326,1,11.36,0.00752,True
TOI 2349.01,405452527,APC,11.57,1.873e+04,1.999,0.8957,1,11.89,0.007154,True
CTOI 306635088.01,306635088,PC,17,1.707e+04,2.727,0.9152,1,10.06,0.006667,True
CTOI 51238317.01,51238317,PC,14.26,1.437e+04,2.19,0.8452,1,10.75,0.006452,True
TOI 3501.01,98957720,APC,15.35,2.622e+04,1.714,0.5645,1,10.74,0.006197,True
TOI 4510.01,340458804,PC,194.2,811,0.3989,0.6979,1,10.36,0.005649,True
CTOI 98672702.01,98672702,PC,15.13,1.53e+04,2.079,0.01722,1,11.52,0.005631,True
TOI 2032.01,470159478,APC,17.01,6381,1.764,,1,10.93,0.005446,True
CTOI 263078716.01,263078716,PC,2.884,7.604,,1.072,1,10.87,0.005321,True
CTOI 219882262.01,219882262,PC,1.033,956,0.5183,0.428,1,9.941,0.005127,True
CTOI 350479101.02,350479101,PC,11.92,9.614e+05,3.576,0.3231,2,9.282,0.004158,True
CTOI 344087362.01,344087362,PC,14.5,3604,2.391,0.01525,1,10.08,0.00224,True
CTOI 43785616.01,43785616,PC,17.91,2.288e+04,1.76,,1,11.16,0.001836,True
TOI 1119.01,261369656,APC,10.96,3830,2.139,0.442,1,10.5,0.001455,True
CTOI 138941853.01,138941853,PC,11.59,9257,1.784,0.0194,1,11.57,0.001328,True
CTOI 231714759.02,231714759,PC,5.46,4.133e+05,34.43,0.8193,2,9.383,0.001283,True
CTOI 102808915.01,102808915,PC,19.64,7444,2.119,0.03818,1,9.563,0.001105,True
CTOI 284990199.01,284990199,PC,4.093,3.377e+04,0.7511,2.563,1,13.72,0.0009011,True
CTOI 219201178.01,219201178,PC,2.417,5.798,2.007,0.6897,1,10.83,0.0007137,True
CTOI 126945917.02,126945917,PC,1.342,6.426e+05,10.94,0.6921,2,9.106,0.0006448,True
CTOI 233126177.01,233126177,PC,65.94,1.9e+04,2.212,0.7514,1,10.96,0.0005533,True
CTOI 176871438.01,176871438,PC,15.14,9307,2.41,0.6927,1,9.87,0.0005065,True
CTOI 279322914.01,279322914,PC,18.87,3.078e+04,2.13,0.9706,1,11.61,4.116e-05,True
CTOI 55497281.01,55497281,PC,14.9,6.913e+05,8.675,0.7013,1,7.198,4.075e-05,True
CTOI 62573638.01,62573638,PC,4.722,1.184e+04,2.653,0.5465,1,6.829,2.267e-05,True
CTOI 92594505.01,92594505,PC,22.87,7.842e+04,6.412,0.311,1,8.043,1.777e-07,True
