toi,tic,disp,truth,period_d,depth_ppm,duration_h,tmag,sector,n_transits_in_sector,t_expected,found,snr,found_depth_ppm,category,candidate,fpp,check_shape,check_duration,check_edge,check_pixels,check_asteroid,check_catalogue,check_fpp,verdict,serious,minor,stage,outcome,n_dips
2099.01,230386397,FP,false positive,19.5078657,1770.0,4.603,11.2011,49.0,1.0,2646.1782,True,9.8,1983.0,single,True,0.296,True,True,True,True,True,True,False,strong,,,checks,rejected at check 7. false-positive probability,
1824.01,142387023,CP,planet,22.8085719,977.0,3.847,8.9754,75.0,1.0,3362.1035,,,,,,,,,,,,,,,,,search,missed: no dip found in this sector,
4579.01,27769688,KP,planet,88.4956829658291,2838.57565688213,6.95108488405611,11.3523,54.0,1.0,2795.2607,,,,,,,,,,,,,,,,,search,missed: no dip found in this sector,
2010.01,26547036,CP,planet,1134.67239633331,11679.2159463996,8.68446227886302,9.26693,56.0,1.0,2846.9773,True,60.8,11052.0,single,True,-0.0,True,True,True,True,True,True,True,strong,,,expert,passed checks 1-7; expert verdict strong,
6883.01,393818343,CP,planet,16.249935683,13412.0,4.003,8.9797,81.0,1.0,3509.9876,True,76.9,11848.0,single,True,-0.0,True,True,True,True,True,True,True,plausible,,variable,expert,passed checks 1-7; expert verdict plausible,
1823.01,142381532,CP,planet,38.8135498,9593.0,5.944,9.7722,75.0,1.0,3345.3486,True,21.9,4120.0,repeating,False,0.019,True,True,True,True,True,True,True,plausible,,evolved,search,"found (SNR 22), but not kept as a candidate: it looks like a repeating signal",
700.01,150428135,CP,planet,16.0511059784547,2768.52124178958,1.39682285836795,10.9102,68.0,1.0,3169.9168,True,7.3,2231.0,secondary,False,0.201,True,True,True,True,True,True,True,plausible,,star_unverified,search,"found (SNR 7), but not kept as a candidate: it looks like a secondary signal",
199.01,309792357,CP,planet,104.87242523178372,11850.15574512952,6.68859192230242,10.0391,,,,,,,,,,,,,,,,,,,,no data,no TESS-SPOC light curve with a transit in it (tried up to 6 sectors),
2475.01,373453507,FP,false positive,15.7925628,1190.0,2.823,10.7302,32.0,2.0,2181.6067,,,,,,,,,,,,,,,,,search,missed: no dip at the expected time,1.0
1100.01,318608749,FP,false positive,20.073158774214,1152.96454608192,3.84492146164917,10.5135,27.0,1.0,2044.4945,,,,,,,,,,,,,,,,,search,missed: no dip found in this sector,
4635.01,337129672,FP,false positive,49.1077047395584,28125.1452075096,2.94023192783815,10.6029,70.0,1.0,3209.9188,True,32.0,27264.0,repeating,False,0.0,True,True,True,True,True,True,True,plausible,,variable,search,"found (SNR 32), but not kept as a candidate: it looks like a repeating signal",
1897.01,420645189,FP,false positive,48.534039473,62170.0,6.661,10.1374,52.0,1.0,2729.0105,True,90.9,51853.0,single,True,1.0,True,True,True,True,True,True,False,doubtful,binarity,,checks,rejected at check 7. false-positive probability,
1867.01,400476523,FP,false positive,18.10612600810125,9135.612297315713,4.332936938444808,12.2339,85.0,1.0,3620.2324,True,16.4,8650.0,single,True,0.816,True,True,True,False,True,True,False,plausible,,ruwe;centroid_neighbour,checks,rejected at check 4. on the target star (pixels),
7146.01,402848417,FP,false positive,28.4664618,4267.0,5.958,12.2041,,,,,,,,,,,,,,,,,,,,no data,no TESS-SPOC light curve with a transit in it (tried up to 6 sectors),
